[
    {
      "sport": "Football",
      "players": 11,
      "isIndoor": false,
      "famousTeams": ["Real Madrid", "Manchester United", "Barcelona"],
      "details": {
        "origin": "England",
        "topScorer": "Pele"
      }
    },
    {
      "sport": "Basketball",
      "players": 5,
      "isIndoor": true,
      "famousTeams": ["Los Angeles Lakers", "Boston Celtics", "Chicago Bulls"],
      "details": {
        "origin": "United States",
        "topScorer": "Michael Jordan"
      }
    },
    {
      "sport": "Tennis",
      "players": 2,
      "isIndoor": true,
      "famousTeams": [],
      "details": {
        "origin": "England",
        "topScorer": "Roger Federer"
      }
    },
    {
      "sport": "Cricket",
      "players": 11,
      "isIndoor": false,
      "famousTeams": ["India", "Australia", "England"],
      "details": {
        "origin": "England",
        "topScorer": "Sachin Tendulkar"
      }
    },
    {
      "sport": "Swimming",
      "players": 1,
      "isIndoor": false,
      "famousTeams": [],
      "details": {
        "origin": "Egypt",
        "topScorer": "Michael Phelps"
      }
    }
  ]